<annotation>
	<folder>humans</folder>
	<filename>FLIR0218frm666.jpg</filename>
	<path>C:\Users\siran\OneDrive\Desktop\Me\Picoboo\FLIR T420br Data - Training Data\humans\FLIR0218frm666.jpg</path>
	<source>
		<database>Unknown</database>
	</source>
	<size>
		<width>320</width>
		<height>240</height>
		<depth>3</depth>
	</size>
	<segmented>0</segmented>
	<object>
		<name>human</name>
		<pose>Unspecified</pose>
		<truncated>1</truncated>
		<difficult>0</difficult>
		<bndbox>
			<xmin>54</xmin>
			<ymin>1</ymin>
			<xmax>158</xmax>
			<ymax>239</ymax>
		</bndbox>
	</object>
	<object>
		<name>human</name>
		<pose>Unspecified</pose>
		<truncated>1</truncated>
		<difficult>0</difficult>
		<bndbox>
			<xmin>194</xmin>
			<ymin>1</ymin>
			<xmax>317</xmax>
			<ymax>237</ymax>
		</bndbox>
	</object>
</annotation>
