<annotation>
	<folder>humans</folder>
	<filename>FLIR0215frm297.jpg</filename>
	<path>C:\Users\siran\OneDrive\Desktop\Me\Picoboo\FLIR T420br Data - Training Data\humans\FLIR0215frm297.jpg</path>
	<source>
		<database>Unknown</database>
	</source>
	<size>
		<width>320</width>
		<height>240</height>
		<depth>3</depth>
	</size>
	<segmented>0</segmented>
	<object>
		<name>human</name>
		<pose>Unspecified</pose>
		<truncated>0</truncated>
		<difficult>0</difficult>
		<bndbox>
			<xmin>11</xmin>
			<ymin>48</ymin>
			<xmax>95</xmax>
			<ymax>218</ymax>
		</bndbox>
	</object>
	<object>
		<name>human</name>
		<pose>Unspecified</pose>
		<truncated>1</truncated>
		<difficult>0</difficult>
		<bndbox>
			<xmin>129</xmin>
			<ymin>24</ymin>
			<xmax>228</xmax>
			<ymax>240</ymax>
		</bndbox>
	</object>
	<object>
		<name>human</name>
		<pose>Unspecified</pose>
		<truncated>0</truncated>
		<difficult>0</difficult>
		<bndbox>
			<xmin>223</xmin>
			<ymin>44</ymin>
			<xmax>303</xmax>
			<ymax>215</ymax>
		</bndbox>
	</object>
</annotation>
