<annotation>
	<folder>humans</folder>
	<filename>FLIR0169.jpg</filename>
	<path>C:\Users\siran\OneDrive\Desktop\Me\Picoboo\FLIR T420br Data - Training Data\humans\FLIR0169.jpg</path>
	<source>
		<database>Unknown</database>
	</source>
	<size>
		<width>320</width>
		<height>240</height>
		<depth>3</depth>
	</size>
	<segmented>0</segmented>
	<object>
		<name>human</name>
		<pose>Unspecified</pose>
		<truncated>0</truncated>
		<difficult>0</difficult>
		<bndbox>
			<xmin>60</xmin>
			<ymin>19</ymin>
			<xmax>280</xmax>
			<ymax>233</ymax>
		</bndbox>
	</object>
</annotation>
