<annotation>
	<folder>humans</folder>
	<filename>FLIR0215frm485.jpg</filename>
	<path>C:\Users\siran\OneDrive\Desktop\Me\Picoboo\FLIR T420br Data - Training Data\humans\FLIR0215frm485.jpg</path>
	<source>
		<database>Unknown</database>
	</source>
	<size>
		<width>320</width>
		<height>240</height>
		<depth>3</depth>
	</size>
	<segmented>0</segmented>
	<object>
		<name>human</name>
		<pose>Unspecified</pose>
		<truncated>1</truncated>
		<difficult>0</difficult>
		<bndbox>
			<xmin>14</xmin>
			<ymin>34</ymin>
			<xmax>110</xmax>
			<ymax>240</ymax>
		</bndbox>
	</object>
	<object>
		<name>human</name>
		<pose>Unspecified</pose>
		<truncated>1</truncated>
		<difficult>0</difficult>
		<bndbox>
			<xmin>124</xmin>
			<ymin>49</ymin>
			<xmax>266</xmax>
			<ymax>240</ymax>
		</bndbox>
	</object>
	<object>
		<name>human</name>
		<pose>Unspecified</pose>
		<truncated>0</truncated>
		<difficult>0</difficult>
		<bndbox>
			<xmin>194</xmin>
			<ymin>18</ymin>
			<xmax>275</xmax>
			<ymax>199</ymax>
		</bndbox>
	</object>
</annotation>
