<annotation>
	<folder>humans</folder>
	<filename>FLIR0215frm146.jpg</filename>
	<path>C:\Users\siran\OneDrive\Desktop\Me\Picoboo\FLIR T420br Data - Training Data\humans\FLIR0215frm146.jpg</path>
	<source>
		<database>Unknown</database>
	</source>
	<size>
		<width>320</width>
		<height>240</height>
		<depth>3</depth>
	</size>
	<segmented>0</segmented>
	<object>
		<name>human</name>
		<pose>Unspecified</pose>
		<truncated>1</truncated>
		<difficult>0</difficult>
		<bndbox>
			<xmin>15</xmin>
			<ymin>32</ymin>
			<xmax>102</xmax>
			<ymax>240</ymax>
		</bndbox>
	</object>
	<object>
		<name>human</name>
		<pose>Unspecified</pose>
		<truncated>1</truncated>
		<difficult>0</difficult>
		<bndbox>
			<xmin>112</xmin>
			<ymin>25</ymin>
			<xmax>215</xmax>
			<ymax>240</ymax>
		</bndbox>
	</object>
	<object>
		<name>human</name>
		<pose>Unspecified</pose>
		<truncated>0</truncated>
		<difficult>0</difficult>
		<bndbox>
			<xmin>207</xmin>
			<ymin>45</ymin>
			<xmax>300</xmax>
			<ymax>215</ymax>
		</bndbox>
	</object>
</annotation>
